id1,id2,correlation,Metadata_line_ID1,Metadata_plating_density1,Metadata_line_ID2,Metadata_plating_density2,Count_Cells1,Count_Cells2,cell_count_abs_diff,cell_count_sum
39,37,0.9075590556311931,39,10000,37,10000,1375.5,1298,77.5,2673.5
39,5,0.8280984094400947,39,10000,5,10000,1375.5,1316,59.5,2691.5
31,4,0.8260193429215198,31,10000,4,10000,3363,3088.5,274.5,6451.5
5,1,0.8243249962556118,5,10000,1,10000,1316,1052,264,2368
43,34,0.8214839136466743,43,10000,34,10000,3754.5,3667,87.5,7421.5
37,11,0.8023105453152655,37,10000,11,10000,1298,1164,134,2462
8,7,0.7916013706808702,8,10000,7,10000,2469,2547.5,78.5,5016.5
39,27,0.7892801241177546,39,10000,27,10000,1375.5,1683.5,308,3059
7,4,0.7847703915467761,7,10000,4,10000,2547.5,3088.5,541,5636
37,27,0.7837439352444066,37,10000,27,10000,1298,1683.5,385.5,2981.5
45,11,0.778005423233891,45,10000,11,10000,1074.5,1164,89.5,2238.5
14,5,0.77640567909505,14,10000,5,10000,2670,1316,1354,3986
37,5,0.7740532692657655,37,10000,5,10000,1298,1316,18,2614
45,39,0.7661233074441252,45,10000,39,10000,1074.5,1375.5,301,2450
45,37,0.7618290402387365,45,10000,37,10000,1074.5,1298,223.5,2372.5
36,11,0.7493584336444001,36,10000,11,10000,1383.5,1164,219.5,2547.5
36,30,0.744465368556992,36,10000,30,10000,1383.5,1390,6.5,2773.5
39,11,0.7361163334634344,39,10000,11,10000,1375.5,1164,211.5,2539.5
43,12,0.7316816316998199,43,10000,12,10000,3754.5,3106,648.5,6860.5
27,5,0.7279421366468838,27,10000,5,10000,1683.5,1316,367.5,2999.5
31,7,0.7263796669743257,31,10000,7,10000,3363,2547.5,815.5,5910.5
23,12,0.7206496655533666,23,10000,12,10000,3597.5,3106,491.5,6703.5
37,36,0.7181186527759803,37,10000,36,10000,1298,1383.5,85.5,2681.5
26,23,0.7152180958779752,26,10000,23,10000,2680.5,3597.5,917,6278
27,21,0.7149328282133143,27,10000,21,10000,1683.5,1749,65.5,3432.5
34,25,0.7140071492703642,34,10000,25,10000,3667,3228.5,438.5,6895.5
20,4,0.7031920160060607,20,10000,4,10000,3747,3088.5,658.5,6835.5
15,7,0.7003323949418522,15,10000,7,10000,3591.5,2547.5,1044,6139
39,21,0.6976789826292696,39,10000,21,10000,1375.5,1749,373.5,3124.5
39,1,0.6971138962230372,39,10000,1,10000,1375.5,1052,323.5,2427.5
34,12,0.6966694291231642,34,10000,12,10000,3667,3106,561,6773
24,17,0.6966161444931394,24,10000,17,10000,3044,2540,504,5584
31,15,0.6955213685890365,31,10000,15,10000,3363,3591.5,228.5,6954.5
34,23,0.69465869144134,34,10000,23,10000,3667,3597.5,69.5,7264.5
40,30,0.691984812514085,40,10000,30,10000,1394.5,1390,4.5,2784.5
40,36,0.6888579589530904,40,10000,36,10000,1394.5,1383.5,11,2778
40,11,0.6859303682846845,40,10000,11,10000,1394.5,1164,230.5,2558.5
37,21,0.6842587873514561,37,10000,21,10000,1298,1749,451,3047
15,4,0.683585845410666,15,10000,4,10000,3591.5,3088.5,503,6680
37,1,0.6830906691325198,37,10000,1,10000,1298,1052,246,2350
25,13,0.680270604880963,25,10000,13,10000,3228.5,2435.5,793,5664
43,23,0.6792381850749809,43,10000,23,10000,3754.5,3597.5,157,7352
40,37,0.6700809511756065,40,10000,37,10000,1394.5,1298,96.5,2692.5
27,1,0.6663902032792763,27,10000,1,10000,1683.5,1052,631.5,2735.5
14,1,0.6644380575230492,14,10000,1,10000,2670,1052,1618,3722
13,6,0.6609475426508324,13,10000,6,10000,2435.5,2210,225.5,4645.5
45,36,0.6607796631554971,45,10000,36,10000,1074.5,1383.5,309,2458
39,14,0.6605645979995888,39,10000,14,10000,1375.5,2670,1294.5,4045.5
45,5,0.6460860620781937,45,10000,5,10000,1074.5,1316,241.5,2390.5
45,40,0.6438126605302892,45,10000,40,10000,1074.5,1394.5,320,2469
6,1,0.6382573682064137,6,10000,1,10000,2210,1052,1158,3262
40,39,0.6382389423659768,40,10000,39,10000,1394.5,1375.5,19,2770
45,27,0.6380697330500144,45,10000,27,10000,1074.5,1683.5,609,2758
31,20,0.636745923059271,31,10000,20,10000,3363,3747,384,7110
38,15,0.6280656586691787,38,10000,15,10000,3222,3591.5,369.5,6813.5
37,14,0.6245201524597472,37,10000,14,10000,1298,2670,1372,3968
21,5,0.6216661390392703,21,10000,5,10000,1749,1316,433,3065
33,25,0.6211758830150875,33,10000,25,10000,3693.5,3228.5,465,6922
48,42,0.6173804512313574,48,10000,42,10000,3278.5,2869.5,409,6148
27,11,0.6160757969503866,27,10000,11,10000,1683.5,1164,519.5,2847.5
20,15,0.6156634408849396,20,10000,15,10000,3747,3591.5,155.5,7338.5
31,17,0.6130122244350927,31,10000,17,10000,3363,2540,823,5903
39,36,0.6105436204275254,39,10000,36,10000,1375.5,1383.5,8,2759
44,15,0.6026069153518971,44,10000,15,10000,2771.5,3591.5,820,6363
11,5,0.6009893870578438,11,10000,5,10000,1164,1316,152,2480
25,12,0.6007408432992242,25,10000,12,10000,3228.5,3106,122.5,6334.5
18,9,0.6002538778485239,18,10000,9,10000,2353,2443,90,4796
20,7,0.595800498070672,20,10000,7,10000,3747,2547.5,1199.5,6294.5
27,3,0.595010413692696,27,10000,3,10000,1683.5,1562,121.5,3245.5
40,2,0.5895702150765515,40,10000,2,10000,1394.5,1831.5,437,3226
26,12,0.5873308735733787,26,10000,12,10000,2680.5,3106,425.5,5786.5
43,25,0.5814309119861808,43,10000,25,10000,3754.5,3228.5,526,6983
8,4,0.5771445791611218,8,10000,4,10000,2469,3088.5,619.5,5557.5
36,2,0.5716616750588558,36,10000,2,10000,1383.5,1831.5,448,3215
27,14,0.5700244823307439,27,10000,14,10000,1683.5,2670,986.5,4353.5
21,14,0.5696800983777202,21,10000,14,10000,1749,2670,921,4419
43,6,0.5696179128485437,43,10000,6,10000,3754.5,2210,1544.5,5964.5
24,16,0.5656421301829356,24,10000,16,10000,3044,2899.5,144.5,5943.5
44,38,0.5626255171645489,44,10000,38,10000,2771.5,3222,450.5,5993.5
44,7,0.5624378158216324,44,10000,7,10000,2771.5,2547.5,224,5319
44,8,0.5592859622000614,44,10000,8,10000,2771.5,2469,302.5,5240.5
42,41,0.5562533223252767,42,10000,41,10000,2869.5,3368.5,499,6238
48,9,0.5537971505934121,48,10000,9,10000,3278.5,2443,835.5,5721.5
6,5,0.5529834651456332,6,10000,5,10000,2210,1316,894,3526
30,11,0.5520627808912406,30,10000,11,10000,1390,1164,226,2554
36,27,0.5451402166859451,36,10000,27,10000,1383.5,1683.5,300,3067
40,10,0.542265181294483,40,10000,10,10000,1394.5,1904.5,510,3299
48,41,0.5415498246615148,48,10000,41,10000,3278.5,3368.5,90,6647
37,30,0.540671879746481,37,10000,30,10000,1298,1390,92,2688
44,20,0.5370749978089298,44,10000,20,10000,2771.5,3747,975.5,6518.5
38,17,0.5366070276329759,38,10000,17,10000,3222,2540,682,5762
17,16,0.5340832852914771,17,10000,16,10000,2540,2899.5,359.5,5439.5
30,18,0.5326461349288606,30,10000,18,10000,1390,2353,963,3743
15,8,0.5302002149551328,15,10000,8,10000,3591.5,2469,1122.5,6060.5
11,1,0.5299851679795693,11,10000,1,10000,1164,1052,112,2216
44,4,0.5253336791140755,44,10000,4,10000,2771.5,3088.5,317,5860
13,12,0.523678155533791,13,10000,12,10000,2435.5,3106,670.5,5541.5
11,2,0.5219774966102401,11,10000,2,10000,1164,1831.5,667.5,2995.5
21,1,0.5197138759305829,21,10000,1,10000,1749,1052,697,2801
48,19,0.5146792979302365,48,10000,19,10000,3278.5,2818,460.5,6096.5
41,26,0.5028858137143041,41,10000,26,10000,3368.5,2680.5,688,6049
31,8,0.5012854653494881,31,10000,8,10000,3363,2469,894,5832
44,17,0.5006741764549326,44,10000,17,10000,2771.5,2540,231.5,5311.5
44,31,0.49982493922267685,44,10000,31,10000,2771.5,3363,591.5,6134.5
12,6,0.4995531093198487,12,10000,6,10000,3106,2210,896,5316
34,6,0.49833976294873256,34,10000,6,10000,3667,2210,1457,5877
17,4,0.49777285409401933,17,10000,4,10000,2540,3088.5,548.5,5628.5
42,9,0.49704682992630983,42,10000,9,10000,2869.5,2443,426.5,5312.5
38,20,0.49593698904135725,38,10000,20,10000,3222,3747,525,6969
23,6,0.495133730797725,23,10000,6,10000,3597.5,2210,1387.5,5807.5
20,17,0.493314055531964,20,10000,17,10000,3747,2540,1207,6287
45,21,0.49064737851002527,45,10000,21,10000,1074.5,1749,674.5,2823.5
45,30,0.4870054528042853,45,10000,30,10000,1074.5,1390,315.5,2464.5
38,31,0.4864249304172485,38,10000,31,10000,3222,3363,141,6585
21,11,0.4840571516509503,21,10000,11,10000,1749,1164,585,2913
10,8,0.483867032130395,10,10000,8,10000,1904.5,2469,564.5,4373.5
45,3,0.483452113865422,45,10000,3,10000,1074.5,1562,487.5,2636.5
42,26,0.4774468359803535,42,10000,26,10000,2869.5,2680.5,189,5550
25,23,0.47650415286131764,25,10000,23,10000,3228.5,3597.5,369,6826
40,27,0.4752766616313095,40,10000,27,10000,1394.5,1683.5,289,3078
34,13,0.4745723974441537,34,10000,13,10000,3667,2435.5,1231.5,6102.5
41,23,0.46836563037502243,41,10000,23,10000,3368.5,3597.5,229,6966
39,30,0.4681734573014059,39,10000,30,10000,1375.5,1390,14.5,2765.5
36,21,0.4676920076457361,36,10000,21,10000,1383.5,1749,365.5,3132.5
38,4,0.45573973198183204,38,10000,4,10000,3222,3088.5,133.5,6310.5
39,6,0.4545121924203112,39,10000,6,10000,1375.5,2210,834.5,3585.5
43,13,0.4541122608440204,43,10000,13,10000,3754.5,2435.5,1319,6190
6,3,0.44823123216843247,6,10000,3,10000,2210,1562,648,3772
17,15,0.4473097574451472,17,10000,15,10000,2540,3591.5,1051.5,6131.5
26,6,0.44229907579604094,26,10000,6,10000,2680.5,2210,470.5,4890.5
45,1,0.44136726110183927,45,10000,1,10000,1074.5,1052,22.5,2126.5
19,18,0.43617042242478826,19,10000,18,10000,2818,2353,465,5171
41,12,0.43541663866426294,41,10000,12,10000,3368.5,3106,262.5,6474.5
11,10,0.4347506959433434,11,10000,10,10000,1164,1904.5,740.5,3068.5
10,7,0.4342832300343077,10,10000,7,10000,1904.5,2547.5,643,4452
25,6,0.43422575649953354,25,10000,6,10000,3228.5,2210,1018.5,5438.5
27,8,0.430843271852474,27,10000,8,10000,1683.5,2469,785.5,4152.5
38,7,0.4280603275334984,38,10000,7,10000,3222,2547.5,674.5,5769.5
43,41,0.42623029902848847,43,10000,41,10000,3754.5,3368.5,386,7123
3,1,0.4260218953552689,3,10000,1,10000,1562,1052,510,2614
9,2,0.4253463142072032,9,10000,2,10000,2443,1831.5,611.5,4274.5
36,5,0.42177567865253146,36,10000,5,10000,1383.5,1316,67.5,2699.5
30,21,0.4205203405111642,30,10000,21,10000,1390,1749,359,3139
45,14,0.4197431354852545,45,10000,14,10000,1074.5,2670,1595.5,3744.5
42,10,0.41747175456056157,42,10000,10,10000,2869.5,1904.5,965,4774
37,2,0.41715174672489025,37,10000,2,10000,1298,1831.5,533.5,3129.5
40,21,0.41517951948411014,40,10000,21,10000,1394.5,1749,354.5,3143.5
8,3,0.41117896803611226,8,10000,3,10000,2469,1562,907,4031
45,2,0.41092458694600803,45,10000,2,10000,1074.5,1831.5,757,2906
13,3,0.4108122636408294,13,10000,3,10000,2435.5,1562,873.5,3997.5
19,9,0.4093740627063025,19,10000,9,10000,2818,2443,375,5261
5,3,0.40925679101756424,5,10000,3,10000,1316,1562,246,2878
37,3,0.40813767488066643,37,10000,3,10000,1298,1562,264,2860
10,2,0.4048706015183784,10,10000,2,10000,1904.5,1831.5,73,3736
39,3,0.40245118666029667,39,10000,3,10000,1375.5,1562,186.5,2937.5
16,14,0.40031452493318487,16,10000,14,10000,2899.5,2670,229.5,5569.5
43,26,0.398605970139806,43,10000,26,10000,3754.5,2680.5,1074,6435
48,18,0.3955888715103527,48,10000,18,10000,3278.5,2353,925.5,5631.5
14,6,0.39512650376346775,14,10000,6,10000,2670,2210,460,4880
27,7,0.39463397238419,27,10000,7,10000,1683.5,2547.5,864,4231
30,27,0.39317360815380986,30,10000,27,10000,1390,1683.5,293.5,3073.5
23,13,0.38737216454321377,23,10000,13,10000,3597.5,2435.5,1162,6033
40,18,0.3872398554325952,40,10000,18,10000,1394.5,2353,958.5,3747.5
40,5,0.3845184884537657,40,10000,5,10000,1394.5,1316,78.5,2710.5
36,18,0.382089682831041,36,10000,18,10000,1383.5,2353,969.5,3736.5
38,24,0.38194608331804236,38,10000,24,10000,3222,3044,178,6266
30,2,0.38112048053922964,30,10000,2,10000,1390,1831.5,441.5,3221.5
27,6,0.3792603207535456,27,10000,6,10000,1683.5,2210,526.5,3893.5
11,3,0.3737220047073418,11,10000,3,10000,1164,1562,398,2726
40,9,0.3685395610904207,40,10000,9,10000,1394.5,2443,1048.5,3837.5
34,26,0.3647225236422406,34,10000,26,10000,3667,2680.5,986.5,6347.5
22,13,0.36039458599426133,22,10000,13,10000,2002,2435.5,433.5,4437.5
37,6,0.35949615679536406,37,10000,6,10000,1298,2210,912,3508
14,11,0.35221136231284483,14,10000,11,10000,2670,1164,1506,3834
30,10,0.34658300698415795,30,10000,10,10000,1390,1904.5,514.5,3294.5
48,10,0.3459210229462459,48,10000,10,10000,3278.5,1904.5,1374,5183
34,33,0.3417149047844967,34,10000,33,10000,3667,3693.5,26.5,7360.5
36,1,0.33391008870085437,36,10000,1,10000,1383.5,1052,331.5,2435.5
21,3,0.33353111431334176,21,10000,3,10000,1749,1562,187,3311
37,10,0.3330060062464277,37,10000,10,10000,1298,1904.5,606.5,3202.5
17,7,0.3326287490267622,17,10000,7,10000,2540,2547.5,7.5,5087.5
33,15,0.33012929535777746,33,10000,15,10000,3693.5,3591.5,102,7285
26,13,0.3287347131687216,26,10000,13,10000,2680.5,2435.5,245,5116
25,22,0.3284048283170403,25,10000,22,10000,3228.5,2002,1226.5,5230.5
42,23,0.32804383480842647,42,10000,23,10000,2869.5,3597.5,728,6467
26,25,0.3204343808289304,26,10000,25,10000,2680.5,3228.5,548,5909
20,8,0.3204221813800715,20,10000,8,10000,3747,2469,1278,6216
42,19,0.3192213562726442,42,10000,19,10000,2869.5,2818,51.5,5687.5
39,2,0.31895640183993895,39,10000,2,10000,1375.5,1831.5,456,3207
22,2,0.3189454635844757,22,10000,2,10000,2002,1831.5,170.5,3833.5
7,3,0.31851049273591486,7,10000,3,10000,2547.5,1562,985.5,4109.5
27,10,0.3078716227569839,27,10000,10,10000,1683.5,1904.5,221,3588
45,10,0.3049390055362725,45,10000,10,10000,1074.5,1904.5,830,2979
18,2,0.3017589497028115,18,10000,2,10000,2353,1831.5,521.5,4184.5
13,10,0.3012406139056122,13,10000,10,10000,2435.5,1904.5,531,4340
30,9,0.3006071378500849,30,10000,9,10000,1390,2443,1053,3833
33,23,0.29961070755667235,33,10000,23,10000,3693.5,3597.5,96,7291
31,24,0.2970189033456764,31,10000,24,10000,3363,3044,319,6407
36,10,0.2962002993727153,36,10000,10,10000,1383.5,1904.5,521,3288
13,1,0.2956834234650919,13,10000,1,10000,2435.5,1052,1383.5,3487.5
39,10,0.2891494607590243,39,10000,10,10000,1375.5,1904.5,529,3280
10,3,0.28303748232283865,10,10000,3,10000,1904.5,1562,342.5,3466.5
48,31,0.28261534263974586,48,10000,31,10000,3278.5,3363,84.5,6641.5
30,5,0.28148274177902244,30,10000,5,10000,1390,1316,74,2706
16,5,0.2782132981486978,16,10000,5,10000,2899.5,1316,1583.5,4215.5
48,4,0.27763152003982994,48,10000,4,10000,3278.5,3088.5,190,6367
36,14,0.2775941522239951,36,10000,14,10000,1383.5,2670,1286.5,4053.5
40,1,0.2720039534229957,40,10000,1,10000,1394.5,1052,342.5,2446.5
48,33,0.2678111639118858,48,10000,33,10000,3278.5,3693.5,415,6972
10,9,0.26739858986315085,10,10000,9,10000,1904.5,2443,538.5,4347.5
41,19,0.2652931811356427,41,10000,19,10000,3368.5,2818,550.5,6186.5
41,34,0.2650542937950009,41,10000,34,10000,3368.5,3667,298.5,7035.5
27,2,0.2649935890745056,27,10000,2,10000,1683.5,1831.5,148,3515
27,17,0.2647540569208785,27,10000,17,10000,1683.5,2540,856.5,4223.5
48,26,0.2635194767646615,48,10000,26,10000,3278.5,2680.5,598,5959
22,10,0.2626451214297348,22,10000,10,10000,2002,1904.5,97.5,3906.5
36,9,0.25883679953677924,36,10000,9,10000,1383.5,2443,1059.5,3826.5
38,16,0.25820431798259075,38,10000,16,10000,3222,2899.5,322.5,6121.5
44,24,0.24784475007454157,44,10000,24,10000,2771.5,3044,272.5,5815.5
24,20,0.24724841823446048,24,10000,20,10000,3044,3747,703,6791
30,20,0.2459716932992841,30,10000,20,10000,1390,3747,2357,5137
48,30,0.2449551754156498,48,10000,30,10000,3278.5,1390,1888.5,4668.5
22,15,0.24460786218151018,22,10000,15,10000,2002,3591.5,1589.5,5593.5
34,16,0.24276671343730294,34,10000,16,10000,3667,2899.5,767.5,6566.5
40,3,0.24090210720859714,40,10000,3,10000,1394.5,1562,167.5,2956.5
33,19,0.24085260511503467,33,10000,19,10000,3693.5,2818,875.5,6511.5
22,8,0.24033415433045216,22,10000,8,10000,2002,2469,467,4471
44,27,0.2375982520420222,44,10000,27,10000,2771.5,1683.5,1088,4455
34,14,0.23670664251423087,34,10000,14,10000,3667,2670,997,6337
14,3,0.23524338787574667,14,10000,3,10000,2670,1562,1108,4232
22,3,0.23481640485705102,22,10000,3,10000,2002,1562,440,3564
38,8,0.23365793416202013,38,10000,8,10000,3222,2469,753,5691
43,33,0.23349717504228384,43,10000,33,10000,3754.5,3693.5,61,7448
21,6,0.23057955277804873,21,10000,6,10000,1749,2210,461,3959
41,33,0.22324926572915618,41,10000,33,10000,3368.5,3693.5,325,7062
43,14,0.2230554230931494,43,10000,14,10000,3754.5,2670,1084.5,6424.5
36,3,0.2213786141600724,36,10000,3,10000,1383.5,1562,178.5,2945.5
30,19,0.2186705050392119,30,10000,19,10000,1390,2818,1428,4208
10,4,0.21555593309186458,10,10000,4,10000,1904.5,3088.5,1184,4993
24,4,0.21352074866518111,24,10000,4,10000,3044,3088.5,44.5,6132.5
45,6,0.21343699230704047,45,10000,6,10000,1074.5,2210,1135.5,3284.5
27,22,0.21343274783517158,27,10000,22,10000,1683.5,2002,318.5,3685.5
17,14,0.2128490339190396,17,10000,14,10000,2540,2670,130,5210
41,9,0.21194093229949143,41,10000,9,10000,3368.5,2443,925.5,5811.5
36,22,0.21181828569148956,36,10000,22,10000,1383.5,2002,618.5,3385.5
17,8,0.21009051017161998,17,10000,8,10000,2540,2469,71,5009
40,14,0.2097053688162034,40,10000,14,10000,1394.5,2670,1275.5,4064.5
25,3,0.20854457142781047,25,10000,3,10000,3228.5,1562,1666.5,4790.5
21,17,0.20447467725062335,21,10000,17,10000,1749,2540,791,4289
42,33,0.203550516496069,42,10000,33,10000,2869.5,3693.5,824,6563
22,7,0.20306216629747886,22,10000,7,10000,2002,2547.5,545.5,4549.5
40,22,0.20295122803970098,40,10000,22,10000,1394.5,2002,607.5,3396.5
11,6,0.19907513697471743,11,10000,6,10000,1164,2210,1046,3374
11,9,0.19746278363479594,11,10000,9,10000,1164,2443,1279,3607
33,12,0.1974396324417776,33,10000,12,10000,3693.5,3106,587.5,6799.5
22,14,0.19627327371899805,22,10000,14,10000,2002,2670,668,4672
30,1,0.19221623465703688,30,10000,1,10000,1390,1052,338,2442
24,14,0.1871204229075577,24,10000,14,10000,3044,2670,374,5714
44,3,0.1858042511249192,44,10000,3,10000,2771.5,1562,1209.5,4333.5
48,40,0.18507118260216357,48,10000,40,10000,3278.5,1394.5,1884,4673
42,18,0.1848570912444352,42,10000,18,10000,2869.5,2353,516.5,5222.5
21,10,0.1832128118447441,21,10000,10,10000,1749,1904.5,155.5,3653.5
33,26,0.1818952069141034,33,10000,26,10000,3693.5,2680.5,1013,6374
31,10,0.1814811144848577,31,10000,10,10000,3363,1904.5,1458.5,5267.5
38,27,0.17995832903464223,38,10000,27,10000,3222,1683.5,1538.5,4905.5
27,15,0.17893720695723597,27,10000,15,10000,1683.5,3591.5,1908,5275
3,2,0.17717977508386334,3,10000,2,10000,1562,1831.5,269.5,3393.5
33,9,0.17695995976716625,33,10000,9,10000,3693.5,2443,1250.5,6136.5
37,9,0.1767938876519757,37,10000,9,10000,1298,2443,1145,3741
42,12,0.1738295293665707,42,10000,12,10000,2869.5,3106,236.5,5975.5
13,8,0.17123123325778866,13,10000,8,10000,2435.5,2469,33.5,4904.5
41,4,0.16878617574704916,41,10000,4,10000,3368.5,3088.5,280,6457
10,6,0.16646986468760167,10,10000,6,10000,1904.5,2210,305.5,4114.5
25,15,0.1662594382976239,25,10000,15,10000,3228.5,3591.5,363,6820
27,4,0.16439474483213254,27,10000,4,10000,1683.5,3088.5,1405,4772
21,7,0.16178651837476352,21,10000,7,10000,1749,2547.5,798.5,4296.5
43,1,0.16002398791066066,43,10000,1,10000,3754.5,1052,2702.5,4806.5
41,6,0.15934124067125902,41,10000,6,10000,3368.5,2210,1158.5,5578.5
13,5,0.15694127565444682,13,10000,5,10000,2435.5,1316,1119.5,3751.5
7,2,0.15692800728647477,7,10000,2,10000,2547.5,1831.5,716,4379
33,18,0.15459762170172012,33,10000,18,10000,3693.5,2353,1340.5,6046.5
25,14,0.15245518044746914,25,10000,14,10000,3228.5,2670,558.5,5898.5
17,5,0.15121859865565343,17,10000,5,10000,2540,1316,1224,3856
30,7,0.15075166311646754,30,10000,7,10000,1390,2547.5,1157.5,3937.5
42,13,0.14986134134298412,42,10000,13,10000,2869.5,2435.5,434,5305
45,17,0.14579826386765335,45,10000,17,10000,1074.5,2540,1465.5,3614.5
41,24,0.14528654078530753,41,10000,24,10000,3368.5,3044,324.5,6412.5
41,31,0.14338838348422658,41,10000,31,10000,3368.5,3363,5.5,6731.5
40,19,0.14050904124032274,40,10000,19,10000,1394.5,2818,1423.5,4212.5
48,23,0.140392593378005,48,10000,23,10000,3278.5,3597.5,319,6876
30,14,0.13894177094067892,30,10000,14,10000,1390,2670,1280,4060
22,1,0.1373309515630821,22,10000,1,10000,2002,1052,950,3054
48,36,0.13720139200524292,48,10000,36,10000,3278.5,1383.5,1895,4662
16,1,0.1367740528242201,16,10000,1,10000,2899.5,1052,1847.5,3951.5
30,8,0.13629880152374155,30,10000,8,10000,1390,2469,1079,3859
41,25,0.13619273271231833,41,10000,25,10000,3368.5,3228.5,140,6597
34,1,0.13577759342683327,34,10000,1,10000,3667,1052,2615,4719
36,7,0.13542689191519075,36,10000,7,10000,1383.5,2547.5,1164,3931
21,20,0.13541688883486655,21,10000,20,10000,1749,3747,1998,5496
42,40,0.135050298630301,42,10000,40,10000,2869.5,1394.5,1475,4264
18,11,0.1349172508613771,18,10000,11,10000,2353,1164,1189,3517
37,18,0.13351100026707924,37,10000,18,10000,1298,2353,1055,3651
33,13,0.13333657502291701,33,10000,13,10000,3693.5,2435.5,1258,6129
42,6,0.13184159171125204,42,10000,6,10000,2869.5,2210,659.5,5079.5
42,4,0.1309358089815201,42,10000,4,10000,2869.5,3088.5,219,5958
37,22,0.13092528347144672,37,10000,22,10000,1298,2002,704,3300
31,27,0.13017908466568873,31,10000,27,10000,3363,1683.5,1679.5,5046.5
25,19,0.1276992728996673,25,10000,19,10000,3228.5,2818,410.5,6046.5
22,6,0.1276914830346158,22,10000,6,10000,2002,2210,208,4212
21,8,0.12716374734916072,21,10000,8,10000,1749,2469,720,4218
19,10,0.12710928953100142,19,10000,10,10000,2818,1904.5,913.5,4722.5
43,16,0.12662127226060435,43,10000,16,10000,3754.5,2899.5,855,6654
44,16,0.12654885743607402,44,10000,16,10000,2771.5,2899.5,128,5671
8,2,0.12387355584869962,8,10000,2,10000,2469,1831.5,637.5,4300.5
5,2,0.12323861892164917,5,10000,2,10000,1316,1831.5,515.5,3147.5
42,2,0.12285543773570494,42,10000,2,10000,2869.5,1831.5,1038,4701
15,10,0.12273435835186468,15,10000,10,10000,3591.5,1904.5,1687,5496
40,8,0.12133486429936587,40,10000,8,10000,1394.5,2469,1074.5,3863.5
21,2,0.11954830233090613,21,10000,2,10000,1749,1831.5,82.5,3580.5
43,5,0.11542277324035019,43,10000,5,10000,3754.5,1316,2438.5,5070.5
38,34,0.11506283345221822,38,10000,34,10000,3222,3667,445,6889
15,3,0.11503325786179784,15,10000,3,10000,3591.5,1562,2029.5,5153.5
10,1,0.11495470279316895,10,10000,1,10000,1904.5,1052,852.5,2956.5
48,11,0.11468673088918296,48,10000,11,10000,3278.5,1164,2114.5,4442.5
23,1,0.11338383125669158,23,10000,1,10000,3597.5,1052,2545.5,4649.5
19,12,0.11326400741418256,19,10000,12,10000,2818,3106,288,5924
42,7,0.11288046037137202,42,10000,7,10000,2869.5,2547.5,322,5417
20,18,0.11232617041755466,20,10000,18,10000,3747,2353,1394,6100
45,9,0.11217805890050093,45,10000,9,10000,1074.5,2443,1368.5,3517.5
26,19,0.11187464307632027,26,10000,19,10000,2680.5,2818,137.5,5498.5
48,2,0.11146924347782518,48,10000,2,10000,3278.5,1831.5,1447,5110
14,12,0.11066728709355936,14,10000,12,10000,2670,3106,436,5776
33,14,0.10789222754836778,33,10000,14,10000,3693.5,2670,1023.5,6363.5
42,25,0.10710477085074231,42,10000,25,10000,2869.5,3228.5,359,6098
27,20,0.10591920782973789,27,10000,20,10000,1683.5,3747,2063.5,5430.5
23,14,0.10229283395308746,23,10000,14,10000,3597.5,2670,927.5,6267.5
12,1,0.10170342776790162,12,10000,1,10000,3106,1052,2054,4158
36,20,0.09959971412945079,36,10000,20,10000,1383.5,3747,2363.5,5130.5
24,15,0.09953680933938143,24,10000,15,10000,3044,3591.5,547.5,6635.5
11,7,0.09863267361535026,11,10000,7,10000,1164,2547.5,1383.5,3711.5
14,13,0.09720831807589804,14,10000,13,10000,2670,2435.5,234.5,5105.5
42,31,0.09704384882432608,42,10000,31,10000,2869.5,3363,493.5,6232.5
48,20,0.09457310891585567,48,10000,20,10000,3278.5,3747,468.5,7025.5
30,3,0.09308381551943172,30,10000,3,10000,1390,1562,172,2952
9,7,0.0924453883711884,9,10000,7,10000,2443,2547.5,104.5,4990.5
43,42,0.09026068933678545,43,10000,42,10000,3754.5,2869.5,885,6624
33,22,0.08963123406794499,33,10000,22,10000,3693.5,2002,1691.5,5695.5
22,19,0.08924815349470076,22,10000,19,10000,2002,2818,816,4820
23,19,0.08814692223998451,23,10000,19,10000,3597.5,2818,779.5,6415.5
33,4,0.08798386109995054,33,10000,4,10000,3693.5,3088.5,605,6782
43,3,0.08616842753382509,43,10000,3,10000,3754.5,1562,2192.5,5316.5
34,5,0.0860815563238673,34,10000,5,10000,3667,1316,2351,4983
22,21,0.08422367786456353,22,10000,21,10000,2002,1749,253,3751
2,1,0.08403653967765852,2,10000,1,10000,1831.5,1052,779.5,2883.5
40,6,0.0825138945454992,40,10000,6,10000,1394.5,2210,815.5,3604.5
40,7,0.08044809695415892,40,10000,7,10000,1394.5,2547.5,1153,3942
30,4,0.07975441822637522,30,10000,4,10000,1390,3088.5,1698.5,4478.5
34,15,0.0785860096000256,34,10000,15,10000,3667,3591.5,75.5,7258.5
31,9,0.07804857399207059,31,10000,9,10000,3363,2443,920,5806
45,8,0.07770978505522944,45,10000,8,10000,1074.5,2469,1394.5,3543.5
37,7,0.07615217033041255,37,10000,7,10000,1298,2547.5,1249.5,3845.5
22,11,0.07552034145068155,22,10000,11,10000,2002,1164,838,3166
34,22,0.07522193835747372,34,10000,22,10000,3667,2002,1665,5669
44,22,0.07434333604892539,44,10000,22,10000,2771.5,2002,769.5,4773.5
25,1,0.07356038827634237,25,10000,1,10000,3228.5,1052,2176.5,4280.5
9,4,0.07350434135208128,9,10000,4,10000,2443,3088.5,645.5,5531.5
43,24,0.07313074260604324,43,10000,24,10000,3754.5,3044,710.5,6798.5
48,7,0.07248367609156638,48,10000,7,10000,3278.5,2547.5,731,5826
20,9,0.07221255342630133,20,10000,9,10000,3747,2443,1304,6190
36,17,0.07019043363245235,36,10000,17,10000,1383.5,2540,1156.5,3923.5
39,9,0.0679828377035073,39,10000,9,10000,1375.5,2443,1067.5,3818.5
39,13,0.06788755262465689,39,10000,13,10000,1375.5,2435.5,1060,3811
30,17,0.06758746486106361,30,10000,17,10000,1390,2540,1150,3930
33,16,0.06729246334854738,33,10000,16,10000,3693.5,2899.5,794,6593
24,5,0.06684047957896389,24,10000,5,10000,3044,1316,1728,4360
18,16,0.06585375538333138,18,10000,16,10000,2353,2899.5,546.5,5252.5
33,17,0.06523763257370092,33,10000,17,10000,3693.5,2540,1153.5,6233.5
12,3,0.06444303712988592,12,10000,3,10000,3106,1562,1544,4668
33,20,0.06417501139564016,33,10000,20,10000,3693.5,3747,53.5,7440.5
10,5,0.06396849382489962,10,10000,5,10000,1904.5,1316,588.5,3220.5
39,17,0.0636738093068004,39,10000,17,10000,1375.5,2540,1164.5,3915.5
45,7,0.062152612568805866,45,10000,7,10000,1074.5,2547.5,1473,3622
11,8,0.06077826697972166,11,10000,8,10000,1164,2469,1305,3633
36,19,0.06064802989232325,36,10000,19,10000,1383.5,2818,1434.5,4201.5
20,16,0.06025008844848281,20,10000,16,10000,3747,2899.5,847.5,6646.5
24,21,0.057717645095912845,24,10000,21,10000,3044,1749,1295,4793
27,13,0.05612155941944654,27,10000,13,10000,1683.5,2435.5,752,4119
37,17,0.05598440780933569,37,10000,17,10000,1298,2540,1242,3838
31,16,0.05531759142871962,31,10000,16,10000,3363,2899.5,463.5,6262.5
12,5,0.0542519993175773,12,10000,5,10000,3106,1316,1790,4422
39,22,0.05218015896486027,39,10000,22,10000,1375.5,2002,626.5,3377.5
20,19,0.04931483694450976,20,10000,19,10000,3747,2818,929,6565
36,8,0.04911867603230041,36,10000,8,10000,1383.5,2469,1085.5,3852.5
22,9,0.048367745807694235,22,10000,9,10000,2002,2443,441,4445
21,15,0.0457682594411959,21,10000,15,10000,1749,3591.5,1842.5,5340.5
37,8,0.0454074807140706,37,10000,8,10000,1298,2469,1171,3767
45,18,0.04401240965521884,45,10000,18,10000,1074.5,2353,1278.5,3427.5
31,21,0.04321499047979555,31,10000,21,10000,3363,1749,1614,5112
18,14,0.043147233659950233,18,10000,14,10000,2353,2670,317,5023
39,26,0.0427885362042277,39,10000,26,10000,1375.5,2680.5,1305,4056
48,45,0.040228828116464686,48,10000,45,10000,3278.5,1074.5,2204,4353
25,10,0.03991487852390179,25,10000,10,10000,3228.5,1904.5,1324,5133
43,38,0.03963876325727241,43,10000,38,10000,3754.5,3222,532.5,6976.5
22,5,0.03820728421488205,22,10000,5,10000,2002,1316,686,3318
34,3,0.037988200051917075,34,10000,3,10000,3667,1562,2105,5229
19,13,0.03670858867234652,19,10000,13,10000,2818,2435.5,382.5,5253.5
22,20,0.034421086116261726,22,10000,20,10000,2002,3747,1745,5749
21,13,0.03432777255538007,21,10000,13,10000,1749,2435.5,686.5,4184.5
16,15,0.033004812852137765,16,10000,15,10000,2899.5,3591.5,692,6491
42,34,0.03294290429521512,42,10000,34,10000,2869.5,3667,797.5,6536.5
33,31,0.03234443253122319,33,10000,31,10000,3693.5,3363,330.5,7056.5
4,3,0.03157852089807318,4,10000,3,10000,3088.5,1562,1526.5,4650.5
41,13,0.030911290005347578,41,10000,13,10000,3368.5,2435.5,933,5804
14,2,0.02910610350523841,14,10000,2,10000,2670,1831.5,838.5,4501.5
38,33,0.02867589466607536,38,10000,33,10000,3222,3693.5,471.5,6915.5
38,22,0.02830320949467106,38,10000,22,10000,3222,2002,1220,5224
26,9,0.025709345761318846,26,10000,9,10000,2680.5,2443,237.5,5123.5
48,12,0.025698824464802508,48,10000,12,10000,3278.5,3106,172.5,6384.5
17,11,0.024261353711528964,17,10000,11,10000,2540,1164,1376,3704
21,4,0.022368188712430386,21,10000,4,10000,1749,3088.5,1339.5,4837.5
44,34,0.0220540859179819,44,10000,34,10000,2771.5,3667,895.5,6438.5
42,8,0.019966844148898995,42,10000,8,10000,2869.5,2469,400.5,5338.5
34,24,0.019912181105680382,34,10000,24,10000,3667,3044,623,6711
21,9,0.019389343422551667,21,10000,9,10000,1749,2443,694,4192
48,37,0.019212156405224893,48,10000,37,10000,3278.5,1298,1980.5,4576.5
37,13,0.01908681730999369,37,10000,13,10000,1298,2435.5,1137.5,3733.5
22,18,0.018422328493297585,22,10000,18,10000,2002,2353,351,4355
48,39,0.017438926506838485,48,10000,39,10000,3278.5,1375.5,1903,4654
23,5,0.017237602203596904,23,10000,5,10000,3597.5,1316,2281.5,4913.5
41,10,0.016111002451039455,41,10000,10,10000,3368.5,1904.5,1464,5273
26,10,0.014383405041688932,26,10000,10,10000,2680.5,1904.5,776,4585
30,22,0.01402785284347359,30,10000,22,10000,1390,2002,612,3392
38,3,0.013366270937274495,38,10000,3,10000,3222,1562,1660,4784
45,24,0.01265772126042762,45,10000,24,10000,1074.5,3044,1969.5,4118.5
19,14,0.012589640945953046,19,10000,14,10000,2818,2670,148,5488
25,5,0.010396482808738226,25,10000,5,10000,3228.5,1316,1912.5,4544.5
42,20,0.010011180484539474,42,10000,20,10000,2869.5,3747,877.5,6616.5
31,2,0.00864107198005814,31,10000,2,10000,3363,1831.5,1531.5,5194.5
8,6,0.008086226956261265,8,10000,6,10000,2469,2210,259,4679
39,18,0.0077429222810992335,39,10000,18,10000,1375.5,2353,977.5,3728.5
17,1,0.0071093028995029214,17,10000,1,10000,2540,1052,1488,3592
40,13,0.006832617175150014,40,10000,13,10000,1394.5,2435.5,1041,3830
23,16,0.0010844751699107965,23,10000,16,10000,3597.5,2899.5,698,6497
36,4,6.210011064606797e-4,36,10000,4,10000,1383.5,3088.5,1705,4472
33,24,5.386417106882992e-4,33,10000,24,10000,3693.5,3044,649.5,6737.5
13,11,1.4915324856128252e-4,13,10000,11,10000,2435.5,1164,1271.5,3599.5
38,21,-8.43737359233087e-4,38,10000,21,10000,3222,1749,1473,4971
24,23,-0.0015588666072838893,24,10000,23,10000,3044,3597.5,553.5,6641.5
42,22,-0.00213755414239563,42,10000,22,10000,2869.5,2002,867.5,4871.5
19,2,-0.0035877915921500156,19,10000,2,10000,2818,1831.5,986.5,4649.5
44,21,-0.005315978911725987,44,10000,21,10000,2771.5,1749,1022.5,4520.5
39,8,-0.005582950356754907,39,10000,8,10000,1375.5,2469,1093.5,3844.5
8,1,-0.007160904723098905,8,10000,1,10000,2469,1052,1417,3521
19,4,-0.007250743469673651,19,10000,4,10000,2818,3088.5,270.5,5906.5
26,1,-0.007743149150142723,26,10000,1,10000,2680.5,1052,1628.5,3732.5
22,12,-0.010567629926961284,22,10000,12,10000,2002,3106,1104,5108
31,19,-0.010687154470113406,31,10000,19,10000,3363,2818,545,6181
39,7,-0.011276150671772279,39,10000,7,10000,1375.5,2547.5,1172,3923
20,2,-0.015916627540558472,20,10000,2,10000,3747,1831.5,1915.5,5578.5
20,10,-0.015964265886685997,20,10000,10,10000,3747,1904.5,1842.5,5651.5
4,2,-0.01647618612391497,4,10000,2,10000,3088.5,1831.5,1257,4920
14,9,-0.01689478076504561,14,10000,9,10000,2670,2443,227,5113
15,13,-0.01722641268012904,15,10000,13,10000,3591.5,2435.5,1156,6027
27,24,-0.018377815401320618,27,10000,24,10000,1683.5,3044,1360.5,4727.5
18,10,-0.020196525914590216,18,10000,10,10000,2353,1904.5,448.5,4257.5
43,15,-0.02049100433646834,43,10000,15,10000,3754.5,3591.5,163,7346
21,16,-0.02075062515303883,21,10000,16,10000,1749,2899.5,1150.5,4648.5
31,22,-0.02433505126929787,31,10000,22,10000,3363,2002,1361,5365
9,8,-0.026075748441357623,9,10000,8,10000,2443,2469,26,4912
33,10,-0.02674446239644489,33,10000,10,10000,3693.5,1904.5,1789,5598
39,19,-0.029868278720782154,39,10000,19,10000,1375.5,2818,1442.5,4193.5
48,25,-0.03013883331206776,48,10000,25,10000,3278.5,3228.5,50,6507
26,18,-0.03039512439822277,26,10000,18,10000,2680.5,2353,327.5,5033.5
25,8,-0.030773282864806906,25,10000,8,10000,3228.5,2469,759.5,5697.5
25,16,-0.03254197472270624,25,10000,16,10000,3228.5,2899.5,329,6128
34,19,-0.0331336926464001,34,10000,19,10000,3667,2818,849,6485
33,30,-0.03360062739744331,33,10000,30,10000,3693.5,1390,2303.5,5083.5
37,19,-0.03456895174489901,37,10000,19,10000,1298,2818,1520,4116
48,15,-0.03564747331569281,48,10000,15,10000,3278.5,3591.5,313,6870
26,3,-0.03651482448644753,26,10000,3,10000,2680.5,1562,1118.5,4242.5
36,31,-0.03986809738044414,36,10000,31,10000,1383.5,3363,1979.5,4746.5
42,39,-0.04328415142074438,42,10000,39,10000,2869.5,1375.5,1494,4245
42,15,-0.045034633985283595,42,10000,15,10000,2869.5,3591.5,722,6461
21,18,-0.045453260500063826,21,10000,18,10000,1749,2353,604,4102
31,30,-0.04653530841999812,31,10000,30,10000,3363,1390,1973,4753
42,37,-0.047078516455843225,42,10000,37,10000,2869.5,1298,1571.5,4167.5
33,7,-0.04726002306996008,33,10000,7,10000,3693.5,2547.5,1146,6241
31,3,-0.04894401901499413,31,10000,3,10000,3363,1562,1801,4925
11,4,-0.049020307357822715,11,10000,4,10000,1164,3088.5,1924.5,4252.5
41,20,-0.05025601430381739,41,10000,20,10000,3368.5,3747,378.5,7115.5
17,3,-0.050456762965688975,17,10000,3,10000,2540,1562,978,4102
38,14,-0.051772736042535704,38,10000,14,10000,3222,2670,552,5892
13,7,-0.05185551661647713,13,10000,7,10000,2435.5,2547.5,112,4983
33,11,-0.05221112990036682,33,10000,11,10000,3693.5,1164,2529.5,4857.5
39,24,-0.05261112513250366,39,10000,24,10000,1375.5,3044,1668.5,4419.5
21,19,-0.05428386562256457,21,10000,19,10000,1749,2818,1069,4567
16,12,-0.05472676648544914,16,10000,12,10000,2899.5,3106,206.5,6005.5
31,11,-0.05512442842764244,31,10000,11,10000,3363,1164,2199,4527
19,11,-0.0565950626077729,19,10000,11,10000,2818,1164,1654,3982
33,2,-0.057178232857779246,33,10000,2,10000,3693.5,1831.5,1862,5525
45,22,-0.057952121922341115,45,10000,22,10000,1074.5,2002,927.5,3076.5
41,14,-0.058045424576504,41,10000,14,10000,3368.5,2670,698.5,6038.5
36,33,-0.058507068556267236,36,10000,33,10000,1383.5,3693.5,2310,5077
36,6,-0.05899430031829445,36,10000,6,10000,1383.5,2210,826.5,3593.5
26,5,-0.059378822516563075,26,10000,5,10000,2680.5,1316,1364.5,3996.5
39,23,-0.06000163292041782,39,10000,23,10000,1375.5,3597.5,2222,4973
41,18,-0.06062081209902974,41,10000,18,10000,3368.5,2353,1015.5,5721.5
45,16,-0.06181354587473878,45,10000,16,10000,1074.5,2899.5,1825,3974
24,12,-0.062112276756709404,24,10000,12,10000,3044,3106,62,6150
6,2,-0.0682180685616644,6,10000,2,10000,2210,1831.5,378.5,4041.5
41,15,-0.06842377338595873,41,10000,15,10000,3368.5,3591.5,223,6960
15,2,-0.06883087818371683,15,10000,2,10000,3591.5,1831.5,1760,5423
40,26,-0.06908612813715963,40,10000,26,10000,1394.5,2680.5,1286,4075
27,16,-0.0691849746523147,27,10000,16,10000,1683.5,2899.5,1216,4583
7,1,-0.07031905512003125,7,10000,1,10000,2547.5,1052,1495.5,3599.5
40,20,-0.07071067158527695,40,10000,20,10000,1394.5,3747,2352.5,5141.5
39,33,-0.07085985811509496,39,10000,33,10000,1375.5,3693.5,2318,5069
45,31,-0.07097115083830463,45,10000,31,10000,1074.5,3363,2288.5,4437.5
42,11,-0.07108050163874483,42,10000,11,10000,2869.5,1164,1705.5,4033.5
13,2,-0.07165000798212375,13,10000,2,10000,2435.5,1831.5,604,4267
44,25,-0.0721486359495938,44,10000,25,10000,2771.5,3228.5,457,6000
48,8,-0.07254264886702558,48,10000,8,10000,3278.5,2469,809.5,5747.5
44,43,-0.07256378705546936,44,10000,43,10000,2771.5,3754.5,983,6526
42,30,-0.07265230030422666,42,10000,30,10000,2869.5,1390,1479.5,4259.5
39,16,-0.07474222991671021,39,10000,16,10000,1375.5,2899.5,1524,4275
8,5,-0.07524850426447578,8,10000,5,10000,2469,1316,1153,3785
44,13,-0.07537264309595289,44,10000,13,10000,2771.5,2435.5,336,5207
43,22,-0.07592387330362586,43,10000,22,10000,3754.5,2002,1752.5,5756.5
37,26,-0.07607260193872156,37,10000,26,10000,1298,2680.5,1382.5,3978.5
41,39,-0.07627509006042407,41,10000,39,10000,3368.5,1375.5,1993,4744
24,1,-0.07721624052611722,24,10000,1,10000,3044,1052,1992,4096
36,16,-0.07907175961860347,36,10000,16,10000,1383.5,2899.5,1516,4283
38,1,-0.07934651105563209,38,10000,1,10000,3222,1052,2170,4274
37,33,-0.07956682174976006,37,10000,33,10000,1298,3693.5,2395.5,4991.5
33,21,-0.07971253223255137,33,10000,21,10000,3693.5,1749,1944.5,5442.5
33,6,-0.08094025240721002,33,10000,6,10000,3693.5,2210,1483.5,5903.5
39,12,-0.08211486606653794,39,10000,12,10000,1375.5,3106,1730.5,4481.5
26,11,-0.0834624137376295,26,10000,11,10000,2680.5,1164,1516.5,3844.5
15,14,-0.08537219489479904,15,10000,14,10000,3591.5,2670,921.5,6261.5
44,1,-0.08628505143183375,44,10000,1,10000,2771.5,1052,1719.5,3823.5
37,4,-0.08731370923459529,37,10000,4,10000,1298,3088.5,1790.5,4386.5
44,30,-0.08814578011931502,44,10000,30,10000,2771.5,1390,1381.5,4161.5
39,25,-0.08851791719698393,39,10000,25,10000,1375.5,3228.5,1853,4604
37,16,-0.0887093800995332,37,10000,16,10000,1298,2899.5,1601.5,4197.5
41,7,-0.08877362938956393,41,10000,7,10000,3368.5,2547.5,821,5916
22,16,-0.08908717491069343,22,10000,16,10000,2002,2899.5,897.5,4901.5
40,33,-0.08931350357967377,40,10000,33,10000,1394.5,3693.5,2299,5088
44,14,-0.09081418573446627,44,10000,14,10000,2771.5,2670,101.5,5441.5
44,5,-0.0909969059951634,44,10000,5,10000,2771.5,1316,1455.5,4087.5
24,18,-0.0920916889549808,24,10000,18,10000,3044,2353,691,5397
27,9,-0.09310594306395578,27,10000,9,10000,1683.5,2443,759.5,4126.5
24,7,-0.09339551759097367,24,10000,7,10000,3044,2547.5,496.5,5591.5
48,21,-0.09347993349080388,48,10000,21,10000,3278.5,1749,1529.5,5027.5
19,15,-0.09565047556989235,19,10000,15,10000,2818,3591.5,773.5,6409.5
17,2,-0.09601883252508768,17,10000,2,10000,2540,1831.5,708.5,4371.5
30,16,-0.09857505954758189,30,10000,16,10000,1390,2899.5,1509.5,4289.5
37,31,-0.09945264505061885,37,10000,31,10000,1298,3363,2065,4661
48,13,-0.09987070163471808,48,10000,13,10000,3278.5,2435.5,843,5714
45,13,-0.10206115791943929,45,10000,13,10000,1074.5,2435.5,1361,3510
31,14,-0.10288101820420097,31,10000,14,10000,3363,2670,693,6033
22,4,-0.10288566659262882,22,10000,4,10000,2002,3088.5,1086.5,5090.5
38,25,-0.10360865219642061,38,10000,25,10000,3222,3228.5,6.5,6450.5
38,36,-0.10429166880969595,38,10000,36,10000,3222,1383.5,1838.5,4605.5
40,17,-0.1063130495865408,40,10000,17,10000,1394.5,2540,1145.5,3934.5
25,21,-0.10668244021129064,25,10000,21,10000,3228.5,1749,1479.5,4977.5
15,9,-0.10740091911537471,15,10000,9,10000,3591.5,2443,1148.5,6034.5
27,25,-0.1108126257030086,27,10000,25,10000,1683.5,3228.5,1545,4912
48,24,-0.11106569500055856,48,10000,24,10000,3278.5,3044,234.5,6322.5
45,4,-0.11113728445046925,45,10000,4,10000,1074.5,3088.5,2014,4163
33,3,-0.11152454531660823,33,10000,3,10000,3693.5,1562,2131.5,5255.5
19,7,-0.11176659833374201,19,10000,7,10000,2818,2547.5,270.5,5365.5
43,39,-0.11522990838278545,43,10000,39,10000,3754.5,1375.5,2379,5130
38,5,-0.11544997577607298,38,10000,5,10000,3222,1316,1906,4538
45,26,-0.11560765282682368,45,10000,26,10000,1074.5,2680.5,1606,3755
16,4,-0.11948274725935429,16,10000,4,10000,2899.5,3088.5,189,5988
45,33,-0.12333839295857872,45,10000,33,10000,1074.5,3693.5,2619,4768
37,20,-0.12387460579024344,37,10000,20,10000,1298,3747,2449,5045
18,17,-0.12415868200288767,18,10000,17,10000,2353,2540,187,4893
30,15,-0.12424698546405645,30,10000,15,10000,1390,3591.5,2201.5,4981.5
41,5,-0.12441127801671906,41,10000,5,10000,3368.5,1316,2052.5,4684.5
42,36,-0.12469834918627838,42,10000,36,10000,2869.5,1383.5,1486,4253
23,21,-0.12500008139908636,23,10000,21,10000,3597.5,1749,1848.5,5346.5
44,33,-0.12520453532418915,44,10000,33,10000,2771.5,3693.5,922,6465
41,1,-0.12571486934255482,41,10000,1,10000,3368.5,1052,2316.5,4420.5
38,23,-0.12700810765560006,38,10000,23,10000,3222,3597.5,375.5,6819.5
36,15,-0.12754373484418566,36,10000,15,10000,1383.5,3591.5,2208,4975
14,10,-0.1285564148734668,14,10000,10,10000,2670,1904.5,765.5,4574.5
41,38,-0.1296199174305882,41,10000,38,10000,3368.5,3222,146.5,6590.5
40,4,-0.12993689217132692,40,10000,4,10000,1394.5,3088.5,1694,4483
44,10,-0.132093949978103,44,10000,10,10000,2771.5,1904.5,867,4676
23,3,-0.13271601841994993,23,10000,3,10000,3597.5,1562,2035.5,5159.5
40,31,-0.1330387686227389,40,10000,31,10000,1394.5,3363,1968.5,4757.5
18,5,-0.13450339119420826,18,10000,5,10000,2353,1316,1037,3669
25,7,-0.13484604196793895,25,10000,7,10000,3228.5,2547.5,681,5776
39,4,-0.13484824167978182,39,10000,4,10000,1375.5,3088.5,1713,4464
26,2,-0.13531111461341952,26,10000,2,10000,2680.5,1831.5,849,4512
39,31,-0.13654415284432908,39,10000,31,10000,1375.5,3363,1987.5,4738.5
15,1,-0.13781620622989588,15,10000,1,10000,3591.5,1052,2539.5,4643.5
16,11,-0.13947044463146757,16,10000,11,10000,2899.5,1164,1735.5,4063.5
26,14,-0.14166228456810193,26,10000,14,10000,2680.5,2670,10.5,5350.5
37,24,-0.14412447152627908,37,10000,24,10000,1298,3044,1746,4342
33,1,-0.14469497413205315,33,10000,1,10000,3693.5,1052,2641.5,4745.5
43,19,-0.14547049014331348,43,10000,19,10000,3754.5,2818,936.5,6572.5
12,10,-0.14551666187334977,12,10000,10,10000,3106,1904.5,1201.5,5010.5
33,5,-0.14586470818087885,33,10000,5,10000,3693.5,1316,2377.5,5009.5
16,6,-0.14622093950603496,16,10000,6,10000,2899.5,2210,689.5,5109.5
42,21,-0.14636601692018023,42,10000,21,10000,2869.5,1749,1120.5,4618.5
39,34,-0.14670098797526193,39,10000,34,10000,1375.5,3667,2291.5,5042.5
31,1,-0.1477203131784732,31,10000,1,10000,3363,1052,2311,4415
23,9,-0.14908861240787297,23,10000,9,10000,3597.5,2443,1154.5,6040.5
7,5,-0.14943947975871316,7,10000,5,10000,2547.5,1316,1231.5,3863.5
44,2,-0.14950112676770808,44,10000,2,10000,2771.5,1831.5,940,4603
48,34,-0.14990746572587907,48,10000,34,10000,3278.5,3667,388.5,6945.5
41,37,-0.15102506431085083,41,10000,37,10000,3368.5,1298,2070.5,4666.5
19,16,-0.15281846587463296,19,10000,16,10000,2818,2899.5,81.5,5717.5
37,25,-0.15283859665604516,37,10000,25,10000,1298,3228.5,1930.5,4526.5
31,5,-0.15312188014858177,31,10000,5,10000,3363,1316,2047,4679
48,6,-0.15350221999544356,48,10000,6,10000,3278.5,2210,1068.5,5488.5
19,8,-0.1544427584908495,19,10000,8,10000,2818,2469,349,5287
43,21,-0.15487210886719616,43,10000,21,10000,3754.5,1749,2005.5,5503.5
23,18,-0.15526086813425058,23,10000,18,10000,3597.5,2353,1244.5,5950.5
36,24,-0.1557811066224521,36,10000,24,10000,1383.5,3044,1660.5,4427.5
18,4,-0.15708821349428542,18,10000,4,10000,2353,3088.5,735.5,5441.5
13,9,-0.15727949527208426,13,10000,9,10000,2435.5,2443,7.5,4878.5
34,21,-0.1575246047454661,34,10000,21,10000,3667,1749,1918,5416
43,27,-0.15808732564131803,43,10000,27,10000,3754.5,1683.5,2071,5438
45,19,-0.15856426741424226,45,10000,19,10000,1074.5,2818,1743.5,3892.5
44,6,-0.16034554263525203,44,10000,6,10000,2771.5,2210,561.5,4981.5
24,19,-0.16108696859591626,24,10000,19,10000,3044,2818,226,5862
19,5,-0.16178836819839557,19,10000,5,10000,2818,1316,1502,4134
26,24,-0.16331816252876039,26,10000,24,10000,2680.5,3044,363.5,5724.5
45,41,-0.16362013230452482,45,10000,41,10000,1074.5,3368.5,2294,4443
23,22,-0.16436268652289063,23,10000,22,10000,3597.5,2002,1595.5,5599.5
45,42,-0.1645303393119976,45,10000,42,10000,1074.5,2869.5,1795,3944
31,18,-0.16741648497385317,31,10000,18,10000,3363,2353,1010,5716
38,2,-0.16766137574852696,38,10000,2,10000,3222,1831.5,1390.5,5053.5
30,6,-0.16916298786253967,30,10000,6,10000,1390,2210,820,3600
45,38,-0.16942185063177082,45,10000,38,10000,1074.5,3222,2147.5,4296.5
39,20,-0.1701051675067345,39,10000,20,10000,1375.5,3747,2371.5,5122.5
20,14,-0.17040566209478694,20,10000,14,10000,3747,2670,1077,6417
48,43,-0.1717317138506733,48,10000,43,10000,3278.5,3754.5,476,7033
41,3,-0.1717965918348214,41,10000,3,10000,3368.5,1562,1806.5,4930.5
30,24,-0.1718320346515676,30,10000,24,10000,1390,3044,1654,4434
30,13,-0.17225926574835698,30,10000,13,10000,1390,2435.5,1045.5,3825.5
12,9,-0.17263418362556285,12,10000,9,10000,3106,2443,663,5549
24,8,-0.1726718067948003,24,10000,8,10000,3044,2469,575,5513
9,3,-0.1734804225254957,9,10000,3,10000,2443,1562,881,4005
48,5,-0.17405624386620328,48,10000,5,10000,3278.5,1316,1962.5,4594.5
4,1,-0.17436462582168216,4,10000,1,10000,3088.5,1052,2036.5,4140.5
48,17,-0.17527190153839298,48,10000,17,10000,3278.5,2540,738.5,5818.5
20,11,-0.17640213427488127,20,10000,11,10000,3747,1164,2583,4911
34,27,-0.1770801438982615,34,10000,27,10000,3667,1683.5,1983.5,5350.5
48,14,-0.1773445705088824,48,10000,14,10000,3278.5,2670,608.5,5948.5
41,21,-0.17821817578224652,41,10000,21,10000,3368.5,1749,1619.5,5117.5
24,3,-0.17855712951215394,24,10000,3,10000,3044,1562,1482,4606
26,21,-0.18014217451958114,26,10000,21,10000,2680.5,1749,931.5,4429.5
37,15,-0.18227116374485347,37,10000,15,10000,1298,3591.5,2293.5,4889.5
38,11,-0.1823172222950936,38,10000,11,10000,3222,1164,2058,4386
44,37,-0.18367933315142004,44,10000,37,10000,2771.5,1298,1473.5,4069.5
15,11,-0.18488738972234753,15,10000,11,10000,3591.5,1164,2427.5,4755.5
34,17,-0.18528854167413092,34,10000,17,10000,3667,2540,1127,6207
41,16,-0.1871361406847274,41,10000,16,10000,3368.5,2899.5,469,6268
25,4,-0.18778322446758744,25,10000,4,10000,3228.5,3088.5,140,6317
15,12,-0.18838584739817837,15,10000,12,10000,3591.5,3106,485.5,6697.5
25,9,-0.18839748648722407,25,10000,9,10000,3228.5,2443,785.5,5671.5
15,5,-0.1887384521216744,15,10000,5,10000,3591.5,1316,2275.5,4907.5
30,26,-0.18915592435508877,30,10000,26,10000,1390,2680.5,1290.5,4070.5
22,17,-0.18978351047833722,22,10000,17,10000,2002,2540,538,4542
33,27,-0.18987841966111157,33,10000,27,10000,3693.5,1683.5,2010,5377
44,39,-0.1899917730611724,44,10000,39,10000,2771.5,1375.5,1396,4147
38,6,-0.1916644419744059,38,10000,6,10000,3222,2210,1012,5432
41,17,-0.19194159971120697,41,10000,17,10000,3368.5,2540,828.5,5908.5
41,2,-0.19194495614229382,41,10000,2,10000,3368.5,1831.5,1537,5200
24,11,-0.19251535540911177,24,10000,11,10000,3044,1164,1880,4208
38,37,-0.19480017249237466,38,10000,37,10000,3222,1298,1924,4520
14,7,-0.1955704028097265,14,10000,7,10000,2670,2547.5,122.5,5217.5
21,12,-0.19623170167334114,21,10000,12,10000,1749,3106,1357,4855
37,23,-0.19672354111102072,37,10000,23,10000,1298,3597.5,2299.5,4895.5
14,8,-0.19711978265364585,14,10000,8,10000,2670,2469,201,5139
44,36,-0.19714663773281604,44,10000,36,10000,2771.5,1383.5,1388,4155
39,38,-0.19770596907819177,39,10000,38,10000,1375.5,3222,1846.5,4597.5
17,9,-0.19829187387951056,17,10000,9,10000,2540,2443,97,4983
7,6,-0.19890780275711684,7,10000,6,10000,2547.5,2210,337.5,4757.5
19,6,-0.19934111913327382,19,10000,6,10000,2818,2210,608,5028
20,3,-0.2012083071074829,20,10000,3,10000,3747,1562,2185,5309
25,18,-0.20132985966557979,25,10000,18,10000,3228.5,2353,875.5,5581.5
19,1,-0.2021600973431495,19,10000,1,10000,2818,1052,1766,3870
43,37,-0.2022746494046633,43,10000,37,10000,3754.5,1298,2456.5,5052.5
40,25,-0.2040996099035756,40,10000,25,10000,1394.5,3228.5,1834,4623
9,1,-0.20495764988439488,9,10000,1,10000,2443,1052,1391,3495
33,8,-0.20626428713399902,33,10000,8,10000,3693.5,2469,1224.5,6162.5
48,1,-0.2098854455106393,48,10000,1,10000,3278.5,1052,2226.5,4330.5
24,9,-0.21041331905427485,24,10000,9,10000,3044,2443,601,5487
37,12,-0.21052984002263564,37,10000,12,10000,1298,3106,1808,4404
18,7,-0.21062905699813406,18,10000,7,10000,2353,2547.5,194.5,4900.5
45,44,-0.21177150506220976,45,10000,44,10000,1074.5,2771.5,1697,3846
23,15,-0.212148289159613,23,10000,15,10000,3597.5,3591.5,6,7189
41,11,-0.21449720407766065,41,10000,11,10000,3368.5,1164,2204.5,4532.5
43,17,-0.21472289038012574,43,10000,17,10000,3754.5,2540,1214.5,6294.5
41,8,-0.21475850154133796,41,10000,8,10000,3368.5,2469,899.5,5837.5
18,1,-0.21558629708586044,18,10000,1,10000,2353,1052,1301,3405
42,1,-0.21643606129186238,42,10000,1,10000,2869.5,1052,1817.5,3921.5
16,2,-0.21864296647976278,16,10000,2,10000,2899.5,1831.5,1068,4731
45,43,-0.21940985503179486,45,10000,43,10000,1074.5,3754.5,2680,4829
44,42,-0.2196908703551056,44,10000,42,10000,2771.5,2869.5,98,5641
42,3,-0.22042035047668337,42,10000,3,10000,2869.5,1562,1307.5,4431.5
34,31,-0.22104663729763016,34,10000,31,10000,3667,3363,304,7030
25,11,-0.22123317430009967,25,10000,11,10000,3228.5,1164,2064.5,4392.5
36,13,-0.22264456164933474,36,10000,13,10000,1383.5,2435.5,1052,3819
27,18,-0.22385101075200098,27,10000,18,10000,1683.5,2353,669.5,4036.5
42,27,-0.22392054784557122,42,10000,27,10000,2869.5,1683.5,1186,4553
34,4,-0.2241331054791065,34,10000,4,10000,3667,3088.5,578.5,6755.5
25,24,-0.22416614253311934,25,10000,24,10000,3228.5,3044,184.5,6272.5
42,38,-0.22427456160597461,42,10000,38,10000,2869.5,3222,352.5,6091.5
44,40,-0.2252167306829065,44,10000,40,10000,2771.5,1394.5,1377,4166
44,12,-0.22561964121977754,44,10000,12,10000,2771.5,3106,334.5,5877.5
45,25,-0.2293075349576697,45,10000,25,10000,1074.5,3228.5,2154,4303
43,31,-0.23020002238977005,43,10000,31,10000,3754.5,3363,391.5,7117.5
16,3,-0.23080614790478957,16,10000,3,10000,2899.5,1562,1337.5,4461.5
41,40,-0.23358597658624825,41,10000,40,10000,3368.5,1394.5,1974,4763
9,5,-0.23470368515977738,9,10000,5,10000,2443,1316,1127,3759
31,25,-0.23536578754437984,31,10000,25,10000,3363,3228.5,134.5,6591.5
45,20,-0.23593245193753065,45,10000,20,10000,1074.5,3747,2672.5,4821.5
19,17,-0.2360389572409543,19,10000,17,10000,2818,2540,278,5358
27,12,-0.23621757727858791,27,10000,12,10000,1683.5,3106,1422.5,4789.5
39,15,-0.23640475614766504,39,10000,15,10000,1375.5,3591.5,2216,4967
42,14,-0.23647726166894284,42,10000,14,10000,2869.5,2670,199.5,5539.5
26,4,-0.2368111079457099,26,10000,4,10000,2680.5,3088.5,408,5769
5,4,-0.236816096928413,5,10000,4,10000,1316,3088.5,1772.5,4404.5
38,12,-0.23706675273354072,38,10000,12,10000,3222,3106,116,6328
30,25,-0.23739647691766855,30,10000,25,10000,1390,3228.5,1838.5,4618.5
44,41,-0.2397597075489757,44,10000,41,10000,2771.5,3368.5,597,6140
45,15,-0.23985068061537565,45,10000,15,10000,1074.5,3591.5,2517,4666
38,10,-0.24160307246798093,38,10000,10,10000,3222,1904.5,1317.5,5126.5
38,30,-0.241667610543973,38,10000,30,10000,3222,1390,1832,4612
15,6,-0.2442531350827778,15,10000,6,10000,3591.5,2210,1381.5,5801.5
14,4,-0.24511951578378646,14,10000,4,10000,2670,3088.5,418.5,5758.5
34,20,-0.24855770331609073,34,10000,20,10000,3667,3747,80,7414
26,22,-0.24942562011074002,26,10000,22,10000,2680.5,2002,678.5,4682.5
13,4,-0.24983092472919477,13,10000,4,10000,2435.5,3088.5,653,5524
27,26,-0.25047674322281277,27,10000,26,10000,1683.5,2680.5,997,4364
44,11,-0.25127183920292134,44,10000,11,10000,2771.5,1164,1607.5,3935.5
37,34,-0.2540012009433489,37,10000,34,10000,1298,3667,2369,4965
12,8,-0.2554548360754434,12,10000,8,10000,3106,2469,637,5575
48,27,-0.2580565600582686,48,10000,27,10000,3278.5,1683.5,1595,4962
43,8,-0.2582531611412772,43,10000,8,10000,3754.5,2469,1285.5,6223.5
34,8,-0.2593619927772296,34,10000,8,10000,3667,2469,1198,6136
44,23,-0.25940662235469275,44,10000,23,10000,2771.5,3597.5,826,6369
34,7,-0.2628821190112998,34,10000,7,10000,3667,2547.5,1119.5,6214.5
48,22,-0.2671316477783789,48,10000,22,10000,3278.5,2002,1276.5,5280.5
23,10,-0.26732118329204846,23,10000,10,10000,3597.5,1904.5,1693,5502
17,10,-0.2706278927777325,17,10000,10,10000,2540,1904.5,635.5,4444.5
12,11,-0.2721616179058855,12,10000,11,10000,3106,1164,1942,4270
43,4,-0.2739635308708947,43,10000,4,10000,3754.5,3088.5,666,6843
27,19,-0.27436492250838934,27,10000,19,10000,1683.5,2818,1134.5,4501.5
40,15,-0.27445491069762373,40,10000,15,10000,1394.5,3591.5,2197,4986
9,6,-0.275110521060139,9,10000,6,10000,2443,2210,233,4653
36,26,-0.27542697246521,36,10000,26,10000,1383.5,2680.5,1297,4064
25,20,-0.27619162504866973,25,10000,20,10000,3228.5,3747,518.5,6975.5
25,17,-0.2764056011423035,25,10000,17,10000,3228.5,2540,688.5,5768.5
18,13,-0.2765744527146425,18,10000,13,10000,2353,2435.5,82.5,4788.5
20,5,-0.2768562957812488,20,10000,5,10000,3747,1316,2431,5063
16,13,-0.27915452914479566,16,10000,13,10000,2899.5,2435.5,464,5335
45,23,-0.28281491749186694,45,10000,23,10000,1074.5,3597.5,2523,4672
23,11,-0.2829028451594337,23,10000,11,10000,3597.5,1164,2433.5,4761.5
43,10,-0.2838606939862581,43,10000,10,10000,3754.5,1904.5,1850,5659
20,1,-0.284189313259037,20,10000,1,10000,3747,1052,2695,4799
45,12,-0.28432138572526977,45,10000,12,10000,1074.5,3106,2031.5,4180.5
40,16,-0.2846074801057867,40,10000,16,10000,1394.5,2899.5,1505,4294
27,23,-0.28485290188240703,27,10000,23,10000,1683.5,3597.5,1914,5281
44,9,-0.2854335676886044,44,10000,9,10000,2771.5,2443,328.5,5214.5
44,19,-0.28581485469756274,44,10000,19,10000,2771.5,2818,46.5,5589.5
41,27,-0.286027188829659,41,10000,27,10000,3368.5,1683.5,1685,5052
25,2,-0.2867947398939975,25,10000,2,10000,3228.5,1831.5,1397,5060
36,25,-0.2888481392008072,36,10000,25,10000,1383.5,3228.5,1845,4612
26,8,-0.29313681897564686,26,10000,8,10000,2680.5,2469,211.5,5149.5
31,13,-0.29533308978211226,31,10000,13,10000,3363,2435.5,927.5,5798.5
24,6,-0.2962286320276365,24,10000,6,10000,3044,2210,834,5254
43,7,-0.29689275219975897,43,10000,7,10000,3754.5,2547.5,1207,6302
18,8,-0.2969362244214622,18,10000,8,10000,2353,2469,116,4822
12,4,-0.299694416081872,12,10000,4,10000,3106,3088.5,17.5,6194.5
38,13,-0.3003367776878895,38,10000,13,10000,3222,2435.5,786.5,5657.5
23,4,-0.3020545840192206,23,10000,4,10000,3597.5,3088.5,509,6686
44,18,-0.30388160163099265,44,10000,18,10000,2771.5,2353,418.5,5124.5
42,5,-0.30429126555495056,42,10000,5,10000,2869.5,1316,1553.5,4185.5
43,9,-0.30480337084919557,43,10000,9,10000,3754.5,2443,1311.5,6197.5
48,16,-0.30561336174010484,48,10000,16,10000,3278.5,2899.5,379,6178
18,15,-0.3065610771871058,18,10000,15,10000,2353,3591.5,1238.5,5944.5
48,38,-0.3069294896486501,48,10000,38,10000,3278.5,3222,56.5,6500.5
48,3,-0.30885596086842015,48,10000,3,10000,3278.5,1562,1716.5,4840.5
34,18,-0.3160156956104246,34,10000,18,10000,3667,2353,1314,6020
18,12,-0.3192058695068333,18,10000,12,10000,2353,3106,753,5459
26,16,-0.3201006712881118,26,10000,16,10000,2680.5,2899.5,219,5580
38,26,-0.3227275502759826,38,10000,26,10000,3222,2680.5,541.5,5902.5
19,3,-0.32530728687440014,19,10000,3,10000,2818,1562,1256,4380
31,12,-0.32600401228130094,31,10000,12,10000,3363,3106,257,6469
24,2,-0.32723366349570854,24,10000,2,10000,3044,1831.5,1212.5,4875.5
40,24,-0.33128257208358525,40,10000,24,10000,1394.5,3044,1649.5,4438.5
43,11,-0.3321064878579175,43,10000,11,10000,3754.5,1164,2590.5,4918.5
31,23,-0.333656707434499,31,10000,23,10000,3363,3597.5,234.5,6960.5
42,24,-0.335245322984693,42,10000,24,10000,2869.5,3044,174.5,5913.5
16,7,-0.3368337159124154,16,10000,7,10000,2899.5,2547.5,352,5447
45,34,-0.3379496386937083,45,10000,34,10000,1074.5,3667,2592.5,4741.5
6,4,-0.34407407398456025,6,10000,4,10000,2210,3088.5,878.5,5298.5
41,36,-0.345711461734492,41,10000,36,10000,3368.5,1383.5,1985,4752
16,8,-0.34729090874219015,16,10000,8,10000,2899.5,2469,430.5,5368.5
38,9,-0.34981443187056727,38,10000,9,10000,3222,2443,779,5665
44,26,-0.3517029401967615,44,10000,26,10000,2771.5,2680.5,91,5452
41,22,-0.35244266928023693,41,10000,22,10000,3368.5,2002,1366.5,5370.5
34,9,-0.3560388748145788,34,10000,9,10000,3667,2443,1224,6110
48,44,-0.3608041897418449,48,10000,44,10000,3278.5,2771.5,507,6050
38,18,-0.3614190735988331,38,10000,18,10000,3222,2353,869,5575
16,9,-0.36339584825568466,16,10000,9,10000,2899.5,2443,456.5,5342.5
26,7,-0.3645267243823935,26,10000,7,10000,2680.5,2547.5,133,5228
12,7,-0.3646791600305117,12,10000,7,10000,3106,2547.5,558.5,5653.5
38,19,-0.36525442135226616,38,10000,19,10000,3222,2818,404,6040
41,30,-0.3700545836197883,41,10000,30,10000,3368.5,1390,1978.5,4758.5
34,10,-0.3729289125277536,34,10000,10,10000,3667,1904.5,1762.5,5571.5
31,6,-0.37521974122878676,31,10000,6,10000,3363,2210,1153,5573
40,38,-0.37636699641712823,40,10000,38,10000,1394.5,3222,1827.5,4616.5
17,12,-0.38387972508191737,17,10000,12,10000,2540,3106,566,5646
40,12,-0.3868033880256326,40,10000,12,10000,1394.5,3106,1711.5,4500.5
23,17,-0.3918261703752133,23,10000,17,10000,3597.5,2540,1057.5,6137.5
23,20,-0.3929395540942535,23,10000,20,10000,3597.5,3747,149.5,7344.5
12,2,-0.3977279453752998,12,10000,2,10000,3106,1831.5,1274.5,4937.5
26,20,-0.39997766830621334,26,10000,20,10000,2680.5,3747,1066.5,6427.5
23,8,-0.40219591940676314,23,10000,8,10000,3597.5,2469,1128.5,6066.5
43,18,-0.40761885740121884,43,10000,18,10000,3754.5,2353,1401.5,6107.5
26,15,-0.4076207963585749,26,10000,15,10000,2680.5,3591.5,911,6272
23,2,-0.4088628441449523,23,10000,2,10000,3597.5,1831.5,1766,5429
18,6,-0.4101127520109115,18,10000,6,10000,2353,2210,143,4563
17,6,-0.4128780054519793,17,10000,6,10000,2540,2210,330,4750
18,3,-0.4163005639388621,18,10000,3,10000,2353,1562,791,3915
40,23,-0.4228166146622155,40,10000,23,10000,1394.5,3597.5,2203,4992
20,13,-0.42389931862290997,20,10000,13,10000,3747,2435.5,1311.5,6182.5
34,11,-0.4241431879300666,34,10000,11,10000,3667,1164,2503,4831
24,22,-0.4291311281208359,24,10000,22,10000,3044,2002,1042,5046
36,23,-0.43508110548514434,36,10000,23,10000,1383.5,3597.5,2214,4981
23,7,-0.4391849081731542,23,10000,7,10000,3597.5,2547.5,1050,6145
43,20,-0.43995089681238225,43,10000,20,10000,3754.5,3747,7.5,7501.5
31,26,-0.4479949863037205,31,10000,26,10000,3363,2680.5,682.5,6043.5
42,17,-0.45167746044971235,42,10000,17,10000,2869.5,2540,329.5,5409.5
43,2,-0.4518213019386639,43,10000,2,10000,3754.5,1831.5,1923,5586
20,12,-0.45436146228497554,20,10000,12,10000,3747,3106,641,6853
30,23,-0.45697350174530393,30,10000,23,10000,1390,3597.5,2207.5,4987.5
34,2,-0.46434902649712645,34,10000,2,10000,3667,1831.5,1835.5,5498.5
36,34,-0.4893899489686871,36,10000,34,10000,1383.5,3667,2283.5,5050.5
43,40,-0.48967515052314137,43,10000,40,10000,3754.5,1394.5,2360,5149
17,13,-0.5029433050045446,17,10000,13,10000,2540,2435.5,104.5,4975.5
34,30,-0.5055386214496529,34,10000,30,10000,3667,1390,2277,5057
36,12,-0.5070592229558941,36,10000,12,10000,1383.5,3106,1722.5,4489.5
40,34,-0.5153555507523856,40,10000,34,10000,1394.5,3667,2272.5,5061.5
42,16,-0.5223757806081916,42,10000,16,10000,2869.5,2899.5,30,5769
20,6,-0.5332499179863885,20,10000,6,10000,3747,2210,1537,5957
30,12,-0.5389832986715621,30,10000,12,10000,1390,3106,1716,4496
24,10,-0.5492385636681557,24,10000,10,10000,3044,1904.5,1139.5,4948.5
24,13,-0.5510765235475381,24,10000,13,10000,3044,2435.5,608.5,5479.5
26,17,-0.5559813990074686,26,10000,17,10000,2680.5,2540,140.5,5220.5
43,36,-0.5876999497404443,43,10000,36,10000,3754.5,1383.5,2371,5138
16,10,-0.591796690116732,16,10000,10,10000,2899.5,1904.5,995,4804
43,30,-0.6839248180083936,43,10000,30,10000,3754.5,1390,2364.5,5144.5
